sport;https://amzn.to/3fIJGlr;200
technology;https://amzn.to/3g2aM62;200
technology;https://amzn.to/3vQl4wQ;200
technology;https://amzn.to/34Dp1Jh;200
house;https://amzn.to/3fESQzf;200
technology;https://amzn.to/2TAgbts;200
technology;https://amzn.to/3fFmtk2;200
sport;https://amzn.to/2RXFNA6;200
home;https://amzn.to/2Tw9bO1;200
technology;https://amzn.to/2STvcGb;200
house;https://amzn.to/3pkC4bV;200
technology;https://amzn.to/3yYxlB2;200
house;https://amzn.to/3vMybie;200
technology;https://amzn.to/3g7V75f;200
technology;https://amzn.to/3cbZ3k8;200
technology;https://amzn.to/3fWtPOQ;200
home;https://amzn.to/3cbPEZW;200
technology;https://amzn.to/2Rfv4QZ;200
sport;https://amzn.to/3gjp827;200
technology;https://amzn.to/3vQlKlS;200
sport;https://amzn.to/34EW8MD;200
technology;https://amzn.to/3wOZdFY;200
home;https://amzn.to/3vX18Zf;200
house;https://amzn.to/3fIQPSH;200
technology;https://amzn.to/3cbyKKV;200
home;https://amzn.to/3vJH9gd;200
sport;https://amzn.to/3uPVYwM;200
house;https://amzn.to/3g73Jsu;200
home;https://amzn.to/3fIJGlr;200
technology;https://amzn.to/3pdGEbP;200
technology;https://amzn.to/3cb6yrF;200
technology;https://amzn.to/3fJk4Vn;200
home;https://amzn.to/34IzClY;200
technology;https://amzn.to/34H7gZA;200
house;https://amzn.to/2RUSz2h;200
technology;https://amzn.to/3wQlUJR;200
house;https://amzn.to/3fGYalB;200
home;https://amzn.to/2RXFNA6;200
house;https://amzn.to/3g2jCAL;200
home;https://amzn.to/3uK9Hoz;200
home;https://amzn.to/3ca4Czs;200
sport;https://amzn.to/3uMDVau;200
sport;https://amzn.to/3vJVQ39;200
sport;https://amzn.to/3vF47Fn;200
technology;https://amzn.to/2RXHddU;200
technology;https://amzn.to/3pditKI;200
house;https://amzn.to/34GNsFG;200
home;https://amzn.to/3gjp827;200
technology;https://amzn.to/3pdGd18;200
house;https://amzn.to/3fIV2pB;200
technology;https://amzn.to/34HnyBq;200
home;https://amzn.to/3vM2Ps6;200
house;https://amzn.to/2TD1llW;200
house;https://amzn.to/3yXazJR;200
home;https://amzn.to/3pkC4bV;200
sport;https://amzn.to/3uJZjgP;200
home;https://amzn.to/3cchhBW;200
technology;https://amzn.to/34K1Ah6;200
house;https://amzn.to/2SRNQys;200
home;https://amzn.to/34CKDp7;200
technology;https://amzn.to/2RUTtMd;200
technology;https://amzn.to/3yT5RNg;200
sport;https://amzn.to/3peWXW7;200
technology;https://amzn.to/2SO6MOr;200
technology;https://amzn.to/2RVJE0z;200
sport;https://amzn.to/3pfdJnG;200
sport;https://amzn.to/3uJCIkm;200
home;https://amzn.to/3cchpRW;200
home;https://amzn.to/3uMDVau;200
technology;https://amzn.to/3cchpRW;200
technology;https://amzn.to/3wR1TTE;200
sport;https://amzn.to/2RfFlNb;200
technology;https://amzn.to/3cesd1Z;200
sport;https://amzn.to/3uDDmzS;200
house;https://amzn.to/3uNMNg6;200
sport;https://amzn.to/3ihKAqR;200
sport;https://amzn.to/3pbnnIe;200
sport;https://amzn.to/3uLiuXg;200
house;https://amzn.to/3uKvKLK;200
house;https://amzn.to/3fJ5cX5;200
home;https://amzn.to/2RUSz2h;200
house;https://amzn.to/3peuM9E;200
technology;https://amzn.to/3g10djz;200
sport;https://amzn.to/2RhCYcI;200
sport;https://amzn.to/3pbWzHC;200
sport;https://amzn.to/3vJMcgP;200
house;https://amzn.to/3wQsgZF;200
sport;https://amzn.to/34Fwl6Z;200
home;https://amzn.to/2SSoi3X;200
technology;https://amzn.to/3pewoQF;200
technology;https://amzn.to/2TwaOLD;200
technology;https://amzn.to/3wLNack;200
sport;https://amzn.to/3g746mS;200
house;https://amzn.to/3wLNA2o;200
technology;https://amzn.to/3uK9Hoz;200
technology;https://amzn.to/3fGYota;200
technology;https://amzn.to/3vJSYDp;200
house;https://amzn.to/3g2j2TB;200
house;https://amzn.to/3g0Z9fz;200
sport;https://amzn.to/34ICQG6;200
technology;https://amzn.to/2RkAkmA;200
house;https://amzn.to/3uNMnGy;200
technology;https://amzn.to/3i6CKAa;200
home;https://amzn.to/3uLiuXg;200
technology;https://amzn.to/3vM2Ps6;200
sport;https://amzn.to/3g5oqVQ;200
house;https://amzn.to/3x4V9BN;200
house;https://amzn.to/3ppqdJT;200
technology;https://amzn.to/3ccECn8;200
sport;https://amzn.to/3fIDHNB;200
technology;https://amzn.to/34CKDp7;200
technology;https://amzn.to/3cbDeBo;200
home;https://amzn.to/34Fwl6Z;200
house;https://amzn.to/3ca52pw;200
house;https://amzn.to/3fIMpeF;200
technology;https://amzn.to/3wQr5cH;200
sport;https://amzn.to/3vKNQPj;200
sport;https://amzn.to/2SO9fsb;200
sport;https://amzn.to/34G8hBa;200
sport;https://amzn.to/3vJL5xv;200
technology;https://amzn.to/3ca5CDI;200
technology;https://amzn.to/34H6Yls;200
sport;https://amzn.to/2SO9NOL;200
house;https://amzn.to/2SQfr2S;200
technology;https://amzn.to/3yUfATr;200
house;https://amzn.to/3ce0iiJ;200
technology;https://amzn.to/3pe9p8f;200
sport;https://amzn.to/3fJldMU;200
technology;https://amzn.to/2SOtnKX;200
house;https://amzn.to/3fGXSLx;200
technology;https://amzn.to/3iaP0j2;200
house;https://amzn.to/3fOffuh;200
home;https://amzn.to/3g0Z9fz;200
technology;https://amzn.to/3uDQRzu;200
house;https://amzn.to/3pdcGoo;200
technology;https://amzn.to/3ickANy;200
house;https://amzn.to/2RdcQzw;200
sport;https://amzn.to/3uPVG9a;200
sport;https://amzn.to/2SROrjG;200
sport;https://amzn.to/3fETUDf;200
sport;https://amzn.to/3pbWNyH;200
sport;https://amzn.to/3uITAI6;200
house;https://amzn.to/3fH0sRW;200
technology;https://amzn.to/3uH7b2j;200
house;https://amzn.to/3vKNiZL;200
technology;https://amzn.to/34GLN2U;200
sport;https://amzn.to/3ppreSd;200
house;https://amzn.to/3fGXVqH;200
technology;https://amzn.to/3g2idKv;200
home;https://amzn.to/3g7V75f;200
home;https://amzn.to/3ca52pw;200
technology;https://amzn.to/2RfDpEp;200
home;https://amzn.to/2Rfv4QZ;200
technology;https://amzn.to/3yW2HZ0;200
technology;https://amzn.to/34CMsSZ;200
sport;https://amzn.to/34CO4fv;200
sport;https://amzn.to/3uIXvEO;200
technology;https://amzn.to/3fJybdr;200
home;https://amzn.to/2SQfr2S;200
home;https://amzn.to/2SReoQp;200
technology;https://amzn.to/3vG7An4;200
home;https://amzn.to/3fJk4Vn;200
technology;https://amzn.to/3vKLX5b;200
technology;https://amzn.to/3pdiTRi;200
home;https://amzn.to/3uITAI6;200
technology;https://amzn.to/3fKQChG;200
technology;https://amzn.to/3pdG4uF;200
home;https://amzn.to/3yYuMPq;200
technology;https://amzn.to/3pddfi0;200
house;https://amzn.to/3vJH9gd;200
home;https://amzn.to/3fISbNp;200
technology;https://amzn.to/3fISbNp;200
technology;https://amzn.to/3yWqKY4;200
home;https://amzn.to/3pdcGoo;200
technology;https://amzn.to/3pc9ae5;200
technology;https://amzn.to/2RVNCGx;200
sport;https://amzn.to/3vX18Zf;200
house;https://amzn.to/3uEhLY9;200
house;https://amzn.to/2SSoi3X;200
technology;https://amzn.to/3fJzjhb;200
home;https://amzn.to/34COeDs;200
house;https://amzn.to/3uOhDVL;200
technology;https://amzn.to/3pfKq4p;200
house;https://amzn.to/3cbzlw9;200
